Workbook

Sheet Cleaned_Dataset
A1: OrderID | B1: Date | C1: CustomerID | D1: Product | E1: Quantity | F1: UnitPrice | G1: ShippingAddress | H1: PaymentMethod | I1: OrderStatus | J1: TrackingNumber | K1: ItemsInCart | L1: CouponCode | M1: ReferralSource | N1: TotalPrice | O1: Outlier
A2: ORD200000 | B2: 44930 | C2: C72649 | D2: Monitor | E2: 5 | F2: 570.62 | G2: 928 Main St | H2: Debit Card | I2: Shipped | J2: TRK37947903 | K2: 7 | L2: SAVE10 | M2: Instagram | N2: 2853.1 | O2: =IF(OR(N2<EDA_Summary!$C$13, N2>EDA_Summary!$C$14), "OUTLIER", "NORMAL") -> NORMAL
A3: ORD200001 | B3: 45527 | C3: C75739 | D3: Phone | E3: 2 | F3: 151.35 | G3: 823 Main St | H3: Online | I3: Shipped | J3: TRK91186779 | K3: 3 | L3: SAVE10 | M3: Referral | N3: 302.7 | O3: =IF(OR(N3<EDA_Summary!$C$13, N3>EDA_Summary!$C$14), "OUTLIER", "NORMAL") -> NORMAL
A4: ORD200002 | B4: 45349 | C4: C81728 | D4: Tablet | E4: 5 | F4: 550.68 | G4: 512 Main St | H4: Credit Card | I4: Cancelled | J4: TRK42903982 | K4: 8 | L4: FREESHIP | M4: Email | N4: 2753.4 | O4: =IF(OR(N4<EDA_Summary!$C$13, N4>EDA_Summary!$C$14), "OUTLIER", "NORMAL") -> NORMAL
A5: ORD200003 | B5: 45214 | C5: C33540 | D5: Chair | E5: 1 | F5: 273.19 | G5: 275 Main St | H5: Debit Card | I5: Returned | J5: TRK62788070 | K5: 5 | L5: SAVE10 | M5: Facebook | N5: 273.19 | O5: =IF(OR(N5<EDA_Summary!$C$13, N5>EDA_Summary!$C$14), "OUTLIER", "NORMAL") -> NORMAL
A6: ORD200004 | B6: 45785 | C6: C81840 | D6: Printer | E6: 4 | F6: 626.01 | G6: 668 Main St | H6: Online | I6: Delivered | J6: TRK29241424 | K6: 8 | L6: SAVE10 | M6: Email | N6: 2504.04 | O6: =IF(OR(N6<EDA_Summary!$C$13, N6>EDA_Summary!$C$14), "OUTLIER", "NORMAL") -> NORMAL
A7: ORD200005 | B7: 45222 | C7: C37249 | D7: Phone | E7: 2 | F7: 245.86 | G7: 934 Main St | H7: Credit Card | I7: Shipped | J7: TRK72976927 | K7: 4 | L7: SAVE10 | M7: Instagram | N7: 491.72 | O7: =IF(OR(N7<EDA_Summary!$C$13, N7>EDA_Summary!$C$14), "OUTLIER", "NORMAL") -> NORMAL
A8: ORD200006 | B8: 45825 | C8: C83492 | D8: Laptop | E8: 1 | F8: 664.42 | G8: 986 Main St | H8: Gift Card | I8: Returned | J8: TRK96417362 | K8: 6 | L8: SAVE10 | M8: Facebook | N8: 664.42 | O8: =IF(OR(N8<EDA_Summary!$C$13, N8>EDA_Summary!$C$14), "OUTLIER", "NORMAL") -> NORMAL
A9: ORD200007 | B9: 45058 | C9: C41460 | D9: Monitor | E9: 5 | F9: 149.55 | G9: 706 Main St | H9: Cash | I9: Shipped | J9: TRK78809193 | K9: 9 | L9: FREESHIP | M9: Facebook | N9: 747.75 | O9: =IF(OR(N9<EDA_Summary!$C$13, N9>EDA_Summary!$C$14), "OUTLIER", "NORMAL") -> NORMAL
A10: ORD200008 | B10: 45749 | C10: C26817 | D10: Phone | E10: 2 | F10: 134.28 | G10: 904 Main St | H10: Gift Card | I10: Cancelled | J10: TRK61042692 | K10: 2 | L10: NO COUPON | M10: Email | N10: 268.56 | O10: =IF(OR(N10<EDA_Summary!$C$13, N10>EDA_Summary!$C$14), "OUTLIER", "NORMAL") -> NORMAL
A11: ORD200009 | B11: 45251 | C11: C31946 | D11: Desk | E11: 4 | F11: 509.38 | G11: 102 Main St | H11: Credit Card | I11: Shipped | J11: TRK33478363 | K11: 6 | L11: SAVE10 | M11: Google | N11: 2037.52 | O11: =IF(OR(N11<EDA_Summary!$C$13, N11>EDA_Summary!$C$14), "OUTLIER", "NORMAL") -> NORMAL
A12: ORD200010 | B12: 45289 | C12: C43443 | D12: Tablet | E12: 5 | F12: 625.97 | G12: 333 Main St | H12: Credit Card | I12: Returned | J12: TRK98859248 | K12: 9 | L12: WINTER15 | M12: Instagram | N12: 3129.85 | O12: =IF(OR(N12<EDA_Summary!$C$13, N12>EDA_Summary!$C$14), "OUTLIER", "NORMAL") -> NORMAL
A13: ORD200011 | B13: 45339 | C13: C93861 | D13: Monitor | E13: 3 | F13: 49.14 | G13: 831 Main St | H13: Online | I13: Returned | J13: TRK48234646 | K13: 7 | L13: SAVE10 | M13: Email | N13: 147.42 | O13: =IF(OR(N13<EDA_Summary!$C$13, N13>EDA_Summary!$C$14), "OUTLIER", "NORMAL") -> NORMAL
... A1201: ORD201199 | B1201: 45088 | C1201: C57502 | D1201: Tablet | E1201: 4 | F1201: 560.58 | G1201: 201 Main St | H1201: Gift Card | I1201: Returned | J1201: TRK51116746 | K1201: 6 | L1201: SAVE10 | M1201: Referral | N1201: 2242.32 | O1201: =IF(OR(N1201<EDA_Summary!$C$13, N1201>EDA_Summary!$C$14), "OUTLIER", "NORMAL") -> NORMAL

Sheet PivotTables
C3: Row Labels | D3: Sum of TotalPrice | E3: Count of OrderID
C4: Chair | D4: 195620.11 | E4: 178 | G4: Row Labels | H4: Count of OrderID
C5: Printer | D5: 195612.61 | E5: 181 | G5: Online | H5: 258
C6: Laptop | D6: 192126.56 | E6: 173 | G6: Cash | H6: 246
C7: Tablet | D7: 186568.95 | E7: 179 | G7: Credit Card | H7: 234
C8: Monitor | D8: 175651.41 | E8: 163 | G8: Debit Card | H8: 232
C9: Desk | D9: 167459.93 | E9: 170 | G9: Gift Card | H9: 230
C10: Phone | D10: 151722.39 | E10: 156 | G10: Grand Total | H10: 1200
C11: Grand Total | D11: 1264762 | E11: 1200
C13: Row Labels | D13: Average of TotalPrice | E13: Count of OrderID | G13: Row Labels | H13: Count of OrderID
C14: Facebook | D14: 1098.2934 | E14: 228 | G14: Cancelled | H14: 250
C15: Instagram | D15: 1062.8782 | E15: 259 | G15: Returned | H15: 247
C16: Email | D16: 1047.2342 | E16: 250 | G16: Pending | H16: 237
C17: Google | D17: 1039.1763 | E17: 241 | G17: Shipped | H17: 235
C18: Referral | D18: 1021.6918 | E18: 222 | G18: Delivered | H18: 231
C19: Grand Total | D19: 1053.9683 | E19: 1200 | G19: Grand Total | H19: 1200

Sheet EDA_Summary
A1: DESCRIPTIVE STATISTICS TABLE | G1: KEY OBSERVATIONS
A2: Metric | B2: UnitPrice | C2: TotalPrice | D2: Quantity | E2: ItemsInCart | G2: WHAT THE DATA SAYS | H2: BUSINESS DIAGNOSIS
A3: COUNT | B3: =COUNT(Cleaned_Dataset!F:F) -> 1200 | C3: =COUNT(Cleaned_Dataset!N:N) -> 1200 | D3: =COUNT(Cleaned_Dataset!E:E) -> 1200 | E3: =COUNT(Cleaned_Dataset!K:K) -> 1200 | G3: Cancelled orders (250) are the single largest order outcome, exceeding Delivered (231), Pending (237), Returned (247) and Shipped (235) | H3: We are losing more orders than we are completing through any single outcome this represents significant revenue leakage that requires urgent investigation into the root causes of cancellations
A4: MEAN | B4: =AVERAGE(Cleaned_Dataset!F:F) -> 356.41275 | C4: =AVERAGE(Cleaned_Dataset!N:N) -> 1053.9683 | D4: =AVERAGE(Cleaned_Dataset!E:E) -> 2.9458333 | E4: =AVERAGE(Cleaned_Dataset!K:K) -> 5.485
A5: MEDIAN | B5: =MEDIAN(Cleaned_Dataset!F:F) -> 364.21 | C5: =MEDIAN(Cleaned_Dataset!N:N) -> 823.615 | D5: =MEDIAN(Cleaned_Dataset!E:E) -> 3 | E5: =MEDIAN(Cleaned_Dataset!K:K) -> 5
A6: MIN | B6: =MIN(Cleaned_Dataset!F:F) -> 11.39 | C6: =MIN(Cleaned_Dataset!N:N) -> 11.39 | D6: =MIN(Cleaned_Dataset!E:E) -> 1 | E6: =MIN(Cleaned_Dataset!K:K) -> 1 | G6: Chair (178 orders, $195,620) and Printer (181 orders, $195,612) lead in total revenue despite not having the highest order counts, suggesting their average order value is higher than other products | H6: Our highest revenue products are not necessarily our most frequently ordered — the business should investigate what drives higher spend per order on Chairs and Printers and replicate that across other categories
A7: MAX | B7: =MAX(Cleaned_Dataset!F:F) -> 699.93 | C7: =MAX(Cleaned_Dataset!N:N) -> 3456.4 | D7: =MAX(Cleaned_Dataset!E:E) -> 5 | E7: =MAX(Cleaned_Dataset!K:K) -> 10
A8: STDEV | B8: =STDEV(Cleaned_Dataset!F:F) -> 197.17715 | C8: =STDEV(Cleaned_Dataset!N:N) -> 819.85656 | D8: =STDEV(Cleaned_Dataset!E:E) -> 1.4075571 | E8: =STDEV(Cleaned_Dataset!K:K) -> 2.2819833
A10: Q1 (25th Percentile) | C10: =QUARTILE(Cleaned_Dataset!N2:N1201, 1) -> 410.52 | G10: The mean TotalPrice ($1,053.97) is significantly higher than the median ($823.62), indicating the data is right-skewed with 8 confirmed high-value outliers above $3,330.41 | H10: A small number of high-value orders are inflating the average — the typical customer actually spends around $823, meaning business decisions based on the mean alone would misrepresent the true typical customer experience
A11: Q2 (75th Percentile) | C11: =QUARTILE(Cleaned_Dataset!N2:N1201, 3) -> 1578.475
A12: Interquartile Range (IQR) | C12: =C11 - C10 -> 1167.955
A13: Lower Fence | C13: =C10 - 1.5 * C12 -> -1341.4125
A14: Upper Fence | C14: =C11 + 1.5 * C12 -> 3330.4075 | G14: Facebook has the highest average order value ($1,098.29) but only 228 orders, while Instagram has the most customers (259 orders) at $1,062.88 average | H14: Neither channel dominates outright — Facebook delivers more value per order while Instagram delivers more volume. The optimal strategy is to invest in both rather than choosing one over the other
A15: Outlier Count | C15: =COUNTIF(Cleaned_Dataset!N2:N1201, ">"&C14) +COUNTIF(Cleaned_Dataset!N2:N1201, "<"&C13) -> 8
